<?xml version="1.0" encoding="UTF-8"?>
<project-private xmlns="http://www.netbeans.org/ns/project-private/1">
    <editor-bookmarks xmlns="http://www.netbeans.org/ns/editor-bookmarks/2" lastBookmarkId="0"/>
    <open-files xmlns="http://www.netbeans.org/ns/projectui-open-files/2">
        <group>
            <file>file:/C:/Users/Freez/OneDrive/Desktop/CMPSC/CMPSC221/Loan%20Account%20Hierarchy/src/loan/account/hierarchy/UnsecuredLoan.java</file>
            <file>file:/C:/Users/Freez/OneDrive/Desktop/CMPSC/CMPSC221/Loan%20Account%20Hierarchy/src/loan/account/hierarchy/LoanAccount.java</file>
            <file>file:/C:/Users/Freez/OneDrive/Desktop/CMPSC/CMPSC221/Loan%20Account%20Hierarchy/src/loan/account/hierarchy/PrimaryMortgage.java</file>
            <file>file:/C:/Users/Freez/OneDrive/Desktop/CMPSC/CMPSC221/Loan%20Account%20Hierarchy/src/loan/account/hierarchy/CarLoan.java</file>
            <file>file:/C:/Users/Freez/OneDrive/Desktop/CMPSC/CMPSC221/Loan%20Account%20Hierarchy/src/loan/account/hierarchy/Customer.java</file>
            <file>file:/C:/Users/Freez/OneDrive/Desktop/CMPSC/CMPSC221/Loan%20Account%20Hierarchy/src/loan/account/hierarchy/Address.java</file>
        </group>
    </open-files>
</project-private>
