<?xml version="1.0" encoding="UTF-8"?>
<GenRun Id="impl_1" LaunchPart="xc7k70tfbv676-1" LaunchTime="1701837321">
  <File Type="OPT-HWDEF" Name="Datapath.hwdef"/>
  <File Type="ROUTE-BUS-SKEW" Name="Datapath_bus_skew_routed.rpt"/>
  <File Type="PA-DCP" Name="Datapath.dcp"/>
  <File Type="ROUTE-PWR" Name="Datapath_power_routed.rpt"/>
  <File Type="PA-TCL" Name="Datapath.tcl"/>
  <File Type="OPT-METHODOLOGY-DRC" Name="Datapath_methodology_drc_opted.rpt"/>
  <File Type="INIT-TIMING" Name="Datapath_timing_summary_init.rpt"/>
  <File Type="ROUTE-PWR-SUM" Name="Datapath_power_summary_routed.pb"/>
  <File Type="OPT-RQA-PB" Name="Datapath_rqa_opted.pb"/>
  <File Type="REPORTS-TCL" Name="Datapath_reports.tcl"/>
  <File Type="OPT-TIMING" Name="Datapath_timing_summary_opted.rpt"/>
  <File Type="OPT-DCP" Name="Datapath_opt.dcp"/>
  <File Type="OPT-DRC" Name="Datapath_drc_opted.rpt"/>
  <File Type="PWROPT-DCP" Name="Datapath_pwropt.dcp"/>
  <File Type="PWROPT-DRC" Name="Datapath_drc_pwropted.rpt"/>
  <File Type="PWROPT-TIMING" Name="Datapath_timing_summary_pwropted.rpt"/>
  <File Type="PLACE-DCP" Name="Datapath_placed.dcp"/>
  <File Type="PLACE-IO" Name="Datapath_io_placed.rpt"/>
  <File Type="PLACE-CLK" Name="Datapath_clock_utilization_placed.rpt"/>
  <File Type="PLACE-UTIL" Name="Datapath_utilization_placed.rpt"/>
  <File Type="PLACE-UTIL-PB" Name="Datapath_utilization_placed.pb"/>
  <File Type="PLACE-CTRL" Name="Datapath_control_sets_placed.rpt"/>
  <File Type="PLACE-SIMILARITY" Name="Datapath_incremental_reuse_placed.rpt"/>
  <File Type="PLACE-PRE-SIMILARITY" Name="Datapath_incremental_reuse_pre_placed.rpt"/>
  <File Type="BG-BIN" Name="Datapath.bin"/>
  <File Type="PLACE-TIMING" Name="Datapath_timing_summary_placed.rpt"/>
  <File Type="ROUTE-PWR-RPX" Name="Datapath_power_routed.rpx"/>
  <File Type="PLACE-RQA-PB" Name="Datapath_rqa_placed.pb"/>
  <File Type="POSTPLACE-PWROPT-DCP" Name="Datapath_postplace_pwropt.dcp"/>
  <File Type="BITSTR-MSK" Name="Datapath.msk"/>
  <File Type="POSTPLACE-PWROPT-TIMING" Name="Datapath_timing_summary_postplace_pwropted.rpt"/>
  <File Type="PHYSOPT-DCP" Name="Datapath_physopt.dcp"/>
  <File Type="PHYSOPT-DRC" Name="Datapath_drc_physopted.rpt"/>
  <File Type="BITSTR-RBT" Name="Datapath.rbt"/>
  <File Type="PHYSOPT-TIMING" Name="Datapath_timing_summary_physopted.rpt"/>
  <File Type="ROUTE-ERROR-DCP" Name="Datapath_routed_error.dcp"/>
  <File Type="ROUTE-DCP" Name="Datapath_routed.dcp"/>
  <File Type="ROUTE-BLACKBOX-DCP" Name="Datapath_routed_bb.dcp"/>
  <File Type="ROUTE-DRC" Name="Datapath_drc_routed.rpt"/>
  <File Type="ROUTE-DRC-PB" Name="Datapath_drc_routed.pb"/>
  <File Type="ROUTE-DRC-RPX" Name="Datapath_drc_routed.rpx"/>
  <File Type="ROUTE-METHODOLOGY-DRC" Name="Datapath_methodology_drc_routed.rpt"/>
  <File Type="ROUTE-METHODOLOGY-DRC-RPX" Name="Datapath_methodology_drc_routed.rpx"/>
  <File Type="ROUTE-METHODOLOGY-DRC-PB" Name="Datapath_methodology_drc_routed.pb"/>
  <File Type="ROUTE-RQS-PB" Name="Datapath_rqs_routed.pb"/>
  <File Type="ROUTE-STATUS" Name="Datapath_route_status.rpt"/>
  <File Type="ROUTE-STATUS-PB" Name="Datapath_route_status.pb"/>
  <File Type="ROUTE-TIMINGSUMMARY" Name="Datapath_timing_summary_routed.rpt"/>
  <File Type="ROUTE-TIMING-PB" Name="Datapath_timing_summary_routed.pb"/>
  <File Type="ROUTE-TIMING-RPX" Name="Datapath_timing_summary_routed.rpx"/>
  <File Type="ROUTE-SIMILARITY" Name="Datapath_incremental_reuse_routed.rpt"/>
  <File Type="ROUTE-CLK" Name="Datapath_clock_utilization_routed.rpt"/>
  <File Type="ROUTE-BUS-SKEW-PB" Name="Datapath_bus_skew_routed.pb"/>
  <File Type="ROUTE-BUS-SKEW-RPX" Name="Datapath_bus_skew_routed.rpx"/>
  <File Type="POSTROUTE-PHYSOPT-DCP" Name="Datapath_postroute_physopt.dcp"/>
  <File Type="POSTROUTE-PHYSOPT-BLACKBOX-DCP" Name="Datapath_postroute_physopt_bb.dcp"/>
  <File Type="POSTROUTE-PHYSOPT-TIMING" Name="Datapath_timing_summary_postroute_physopted.rpt"/>
  <File Type="POSTROUTE-PHYSOPT-TIMING-PB" Name="Datapath_timing_summary_postroute_physopted.pb"/>
  <File Type="POSTROUTE-PHYSOPT-TIMING-RPX" Name="Datapath_timing_summary_postroute_physopted.rpx"/>
  <File Type="POSTROUTE-PHYSOPT-BUS-SKEW" Name="Datapath_bus_skew_postroute_physopted.rpt"/>
  <File Type="BG-BIT" Name="Datapath.bit"/>
  <File Type="POSTROUTE-PHYSOPT-BUS-SKEW-PB" Name="Datapath_bus_skew_postroute_physopted.pb"/>
  <File Type="POSTROUTE-PHYSOPT-BUS-SKEW-RPX" Name="Datapath_bus_skew_postroute_physopted.rpx"/>
  <File Type="BITSTR-NKY" Name="Datapath.nky"/>
  <File Type="BITSTR-BMM" Name="Datapath_bd.bmm"/>
  <File Type="BITSTR-MMI" Name="Datapath.mmi"/>
  <File Type="PDI-FILE" Name="Datapath.pdi"/>
  <File Type="BOOT-PDI-FILE" Name="Datapath_soc.pdi"/>
  <File Type="PL-PDI-FILE" Name="Datapath_pld.pdi"/>
  <File Type="RCFI_FILE" Name="Datapath.rcfi"/>
  <File Type="CFI_FILE" Name="Datapath.cfi"/>
  <File Type="RNPI_FILE" Name="Datapath.rnpi"/>
  <File Type="NPI_FILE" Name="Datapath.npi"/>
  <File Type="RBD_FILE" Name="Datapath.rbd"/>
  <File Type="BITSTR-LTX" Name="debug_nets.ltx"/>
  <File Type="BITSTR-LTX" Name="Datapath.ltx"/>
  <File Type="BITSTR-SYSDEF" Name="Datapath.sysdef"/>
  <File Type="BG-BGN" Name="Datapath.bgn"/>
  <File Type="BG-DRC" Name="Datapath.drc"/>
  <File Type="RDI-RDI" Name="Datapath.vdi"/>
  <File Type="WBT-USG" Name="usage_statistics_webtalk.html"/>
  <File Type="ROUTE-RQS" Name="Datapath_routed.rqs"/>
  <File Type="POSTROUTE-PHYSOPT-RQS" Name="Datapath_postroute_physopted.rqs"/>
  <File Type="ROUTE-RQS-RPT" Name="route_report_qor_suggestions_0.rpt"/>
  <File Type="POSTROUTE-PHYSOPT-RQS-RPT" Name="postroute_physopt_report_qor_suggestions_0.rpt"/>
  <FileSet Name="sources" Type="DesignSrcs" RelSrcDir="$PSRCDIR/sources_1" RelGenDir="$PGENDIR/sources_1">
    <Filter Type="Srcs"/>
    <File Path="$PSRCDIR/sources_1/new/ALU.v">
      <FileInfo>
        <Attr Name="UsedIn" Val="synthesis"/>
        <Attr Name="UsedIn" Val="implementation"/>
        <Attr Name="UsedIn" Val="simulation"/>
      </FileInfo>
    </File>
    <File Path="$PSRCDIR/sources_1/new/ALUMultiplexer.v">
      <FileInfo>
        <Attr Name="UsedIn" Val="synthesis"/>
        <Attr Name="UsedIn" Val="implementation"/>
        <Attr Name="UsedIn" Val="simulation"/>
      </FileInfo>
    </File>
    <File Path="$PSRCDIR/sources_1/new/ControlUnit.v">
      <FileInfo>
        <Attr Name="UsedIn" Val="synthesis"/>
        <Attr Name="UsedIn" Val="implementation"/>
        <Attr Name="UsedIn" Val="simulation"/>
      </FileInfo>
    </File>
    <File Path="$PSRCDIR/sources_1/new/DataMemory.v">
      <FileInfo>
        <Attr Name="UsedIn" Val="synthesis"/>
        <Attr Name="UsedIn" Val="implementation"/>
        <Attr Name="UsedIn" Val="simulation"/>
      </FileInfo>
    </File>
    <File Path="$PSRCDIR/sources_1/new/EXEMEMPipelineRegister.v">
      <FileInfo>
        <Attr Name="UsedIn" Val="synthesis"/>
        <Attr Name="UsedIn" Val="implementation"/>
        <Attr Name="UsedIn" Val="simulation"/>
      </FileInfo>
    </File>
    <File Path="$PSRCDIR/sources_1/new/IDEXEPipelineRegister.v">
      <FileInfo>
        <Attr Name="UsedIn" Val="synthesis"/>
        <Attr Name="UsedIn" Val="implementation"/>
        <Attr Name="UsedIn" Val="simulation"/>
      </FileInfo>
    </File>
    <File Path="$PSRCDIR/sources_1/new/IFIDPipelineRegister.v">
      <FileInfo>
        <Attr Name="UsedIn" Val="synthesis"/>
        <Attr Name="UsedIn" Val="implementation"/>
        <Attr Name="UsedIn" Val="simulation"/>
      </FileInfo>
    </File>
    <File Path="$PSRCDIR/sources_1/new/ImmediateExtender.v">
      <FileInfo>
        <Attr Name="UsedIn" Val="synthesis"/>
        <Attr Name="UsedIn" Val="implementation"/>
        <Attr Name="UsedIn" Val="simulation"/>
      </FileInfo>
    </File>
    <File Path="$PSRCDIR/sources_1/new/InstructionMemory.v">
      <FileInfo>
        <Attr Name="UsedIn" Val="synthesis"/>
        <Attr Name="UsedIn" Val="implementation"/>
        <Attr Name="UsedIn" Val="simulation"/>
      </FileInfo>
    </File>
    <File Path="$PSRCDIR/sources_1/new/MEMWBPipelineRegister.v">
      <FileInfo>
        <Attr Name="UsedIn" Val="synthesis"/>
        <Attr Name="UsedIn" Val="implementation"/>
        <Attr Name="UsedIn" Val="simulation"/>
      </FileInfo>
    </File>
    <File Path="$PSRCDIR/sources_1/new/PCAdder.v">
      <FileInfo>
        <Attr Name="UsedIn" Val="synthesis"/>
        <Attr Name="UsedIn" Val="implementation"/>
        <Attr Name="UsedIn" Val="simulation"/>
      </FileInfo>
    </File>
    <File Path="$PSRCDIR/sources_1/new/ProgramCounter.v">
      <FileInfo>
        <Attr Name="UsedIn" Val="synthesis"/>
        <Attr Name="UsedIn" Val="implementation"/>
        <Attr Name="UsedIn" Val="simulation"/>
      </FileInfo>
    </File>
    <File Path="$PSRCDIR/sources_1/new/RegRTMux.v">
      <FileInfo>
        <Attr Name="UsedIn" Val="synthesis"/>
        <Attr Name="UsedIn" Val="implementation"/>
        <Attr Name="UsedIn" Val="simulation"/>
      </FileInfo>
    </File>
    <File Path="$PSRCDIR/sources_1/new/RegisterFile.v">
      <FileInfo>
        <Attr Name="UsedIn" Val="synthesis"/>
        <Attr Name="UsedIn" Val="implementation"/>
        <Attr Name="UsedIn" Val="simulation"/>
      </FileInfo>
    </File>
    <File Path="$PSRCDIR/sources_1/new/WBMultiplexer.v">
      <FileInfo>
        <Attr Name="UsedIn" Val="synthesis"/>
        <Attr Name="UsedIn" Val="implementation"/>
        <Attr Name="UsedIn" Val="simulation"/>
      </FileInfo>
    </File>
    <File Path="$PSRCDIR/sources_1/new/Datapath.v">
      <FileInfo>
        <Attr Name="UsedIn" Val="synthesis"/>
        <Attr Name="UsedIn" Val="implementation"/>
        <Attr Name="UsedIn" Val="simulation"/>
      </FileInfo>
    </File>
    <Config>
      <Option Name="DesignMode" Val="RTL"/>
      <Option Name="TopModule" Val="Datapath"/>
      <Option Name="TopAutoSet" Val="TRUE"/>
    </Config>
  </FileSet>
  <FileSet Name="constrs_in" Type="Constrs" RelSrcDir="$PSRCDIR/constrs_1" RelGenDir="$PGENDIR/constrs_1">
    <Filter Type="Constrs"/>
    <Config>
      <Option Name="ConstrsType" Val="XDC"/>
    </Config>
  </FileSet>
  <FileSet Name="utils" Type="Utils" RelSrcDir="$PSRCDIR/utils_1" RelGenDir="$PGENDIR/utils_1">
    <Filter Type="Utils"/>
    <File Path="$PSRCDIR/utils_1/imports/synth_1/Datapath.dcp">
      <FileInfo>
        <Attr Name="UsedIn" Val="synthesis"/>
        <Attr Name="UsedIn" Val="implementation"/>
        <Attr Name="UsedInSteps" Val="synth_1"/>
        <Attr Name="AutoDcp" Val="1"/>
      </FileInfo>
    </File>
    <Config>
      <Option Name="TopAutoSet" Val="TRUE"/>
    </Config>
  </FileSet>
  <Strategy Version="1" Minor="2">
    <StratHandle Name="Vivado Implementation Defaults" Flow="Vivado Implementation 2023">
      <Desc>Default settings for Implementation.</Desc>
    </StratHandle>
    <Step Id="init_design"/>
    <Step Id="opt_design"/>
    <Step Id="power_opt_design"/>
    <Step Id="place_design"/>
    <Step Id="post_place_power_opt_design"/>
    <Step Id="phys_opt_design"/>
    <Step Id="route_design"/>
    <Step Id="post_route_phys_opt_design"/>
    <Step Id="write_bitstream"/>
  </Strategy>
</GenRun>
